"Review priority","Name","New-site slug","Department","Proposed category","Price (NGN)","Photo count","Sizes","Colour","Fabric","Fit","Marked new","Category review needed","Colour review needed","Fabric review needed","Fit review needed","Checkout enabled","Managed preview path","Legacy source image"
"1","The Alabaster","the-alabaster","men","Kaftans","265000","4","S | M | L | XL | XXL","White","To be confirmed","To be confirmed","Yes","No","No","Yes","Yes","No","/api/storage/objects/uploads/legacy-catalogue/4278/1-74d358fd31a5.jpg","https://shopsoso.co/wp-content/uploads/2026/08/IMG_98041.jpg"
"2","The Mahogany","the-mahogany","men","Kaftans","265000","6","S | M | L | XL | XXL","Brown","To be confirmed","To be confirmed","Yes","No","No","Yes","Yes","No","/api/storage/objects/uploads/legacy-catalogue/4265/1-f92b0f7da0fc.jpg","https://shopsoso.co/wp-content/uploads/2026/08/IMG_97681-scaled.jpg"
"3","Cobalt","cobalt","men","Men's Ready-to-Wear","200000","5","S | M | L | XL | XXL","Blue","Linen","To be confirmed","Yes","Yes","No","No","Yes","No","/api/storage/objects/uploads/legacy-catalogue/4247/1-7c43186afef6.jpg","https://shopsoso.co/wp-content/uploads/2026/08/IMG_98071.jpg"
"4","Vayor","vayor","men","Shirts","130000","2","S | M | L | XL | XXL","White","To be confirmed","To be confirmed","No","No","No","Yes","Yes","No","/api/storage/objects/uploads/legacy-catalogue/1873/1-c74f274a714f.jpg","https://shopsoso.co/wp-content/uploads/2024/04/WhatsApp-Image-2024-04-27-at-1.23.31-PM-2.jpeg"
"5","The Halo","soso-113-2","men","Kaftans","265000","2","S | M | L | XL | XXL","As photographed","To be confirmed","To be confirmed","Yes","No","Yes","Yes","Yes","No","/api/storage/objects/uploads/legacy-catalogue/3448/1-5ffea8f1661a.jpg","https://shopsoso.co/wp-content/uploads/2026/03/WhatsApp-Image-2026-03-02-at-9.09.04-PM8.jpeg"
"6","The Vanta","soso-114-2","men","Kaftans","265000","4","S | M | L | XL | XXL","As photographed","Wool","To be confirmed","Yes","No","Yes","No","Yes","No","/api/storage/objects/uploads/legacy-catalogue/3431/1-bad9b7cc6174.jpg","https://shopsoso.co/wp-content/uploads/2026/03/WhatsApp-Image-2026-03-02-at-10.15.08-PM1-1.jpeg"
"7","Voyage","two-piece-3","men","Two-Piece","200000","2","S | M | L | XL | XXL","As photographed","Linen","To be confirmed","Yes","No","Yes","No","Yes","No","/api/storage/objects/uploads/legacy-catalogue/3340/1-52729881c23e.jpg","https://shopsoso.co/wp-content/uploads/2026/03/WhatsApp-Image-2026-03-02-at-8.48.29-PM7.jpeg"
"8","Eminence","soso-120","men","Agbadas","500000","2","S | M | L | XL | XXL","As photographed","Wool","To be confirmed","Yes","No","Yes","No","Yes","No","/api/storage/objects/uploads/legacy-catalogue/3330/1-5b8a489cc5ec.jpg","https://shopsoso.co/wp-content/uploads/2026/03/WhatsApp-Image-2026-03-02-at-9.09.04-PM6.jpeg"
"9","Azure","two-piece-2","men","Two-Piece","265000","10","S | M | L | XL | XXL","Blue","Wool","To be confirmed","Yes","No","No","No","Yes","No","/api/storage/objects/uploads/legacy-catalogue/3305/1-761a0b192687.jpg","https://shopsoso.co/wp-content/uploads/2026/03/WhatsApp-Image-2026-03-02-at-10.15.08-PM3.jpeg"
"10","Azura","two-piece-1","men","Two-Piece","265000","11","S | M | L | XL | XXL","As photographed","Wool","To be confirmed","Yes","No","Yes","No","Yes","No","/api/storage/objects/uploads/legacy-catalogue/3290/1-5ac6f030bb8e.jpg","https://shopsoso.co/wp-content/uploads/2026/03/WhatsApp-Image-2026-03-02-at-8.47.14-PM3.jpeg"
"11","Sogram","linen-two-piece-white","men","Two-Piece","220000","4","S | M | L | XL | XXL","As photographed","Linen","To be confirmed","Yes","No","Yes","No","Yes","No","/api/storage/objects/uploads/legacy-catalogue/3282/1-3a0e5332eb2d.jpg","https://shopsoso.co/wp-content/uploads/2026/03/WhatsApp-Image-2026-03-02-at-10.15.08-PM5.jpeg"
"12","The Melot","soso-118","men","Kaftans","256000","3","S | M | L | XL | XXL","As photographed","Silk","To be confirmed","Yes","No","Yes","No","Yes","No","/api/storage/objects/uploads/legacy-catalogue/3264/1-adc0d58b3ab9.jpg","https://shopsoso.co/wp-content/uploads/2026/03/WhatsApp-Image-2026-03-02-at-8.48.29-PM9.jpeg"
"13","The Noire","soso-112-2","men","Kaftans","265000","3","S | M | L | XL | XXL","Black","To be confirmed","To be confirmed","Yes","No","No","Yes","Yes","No","/api/storage/objects/uploads/legacy-catalogue/3255/1-401a74ef07e4.jpg","https://shopsoso.co/wp-content/uploads/2026/03/WhatsApp-Image-2026-03-02-at-10.15.08-PM15.jpeg"
"14","Forge","soso-114","men","Shirts","200000","4","S | M | L | XL | XXL","As photographed","Linen","To be confirmed","Yes","No","Yes","No","Yes","No","/api/storage/objects/uploads/legacy-catalogue/3223/1-ba70360e1a39.jpg","https://shopsoso.co/wp-content/uploads/2026/03/WhatsApp-Image-2026-03-02-at-8.48.29-PM14.jpeg"
"15","Monarch","soso-113","men","Agbadas","500000","4","S | M | L | XL | XXL","As photographed","Wool","To be confirmed","Yes","No","Yes","No","Yes","No","/api/storage/objects/uploads/legacy-catalogue/3212/1-402188a3123e.jpg","https://shopsoso.co/wp-content/uploads/2026/03/WhatsApp-Image-2026-03-02-at-9.09.04-PM2.jpeg"
"16","Kanu","pants","men","Two-Piece","100000","9","S | M | L | XL | XXL","As photographed","Linen","To be confirmed","No","No","Yes","No","Yes","No","/api/storage/objects/uploads/legacy-catalogue/2914/1-8e7978ef011f.jpg","https://shopsoso.co/wp-content/uploads/2025/10/IMG_6873-copy-scaled.jpg"
"17","Onyx","linen-two-piece-2","men","Two-Piece","200000","12","S | M | L | XL | XXL","Black","Linen","To be confirmed","No","No","No","No","Yes","No","/api/storage/objects/uploads/legacy-catalogue/2896/1-8daad14a6d2c.jpg","https://shopsoso.co/wp-content/uploads/2025/10/IMG_6826-copy-scaled.jpg"
"18","The Ivora","soso-111","men","Kaftans","250000","7","S | M | L | XL | XXL","As photographed","To be confirmed","To be confirmed","No","No","Yes","Yes","Yes","No","/api/storage/objects/uploads/legacy-catalogue/2766/1-acddbde641ba.jpg","https://shopsoso.co/wp-content/uploads/2025/09/IMG_3268-scaled.jpg"
"19","The Zenor","soso-110","men","Kaftans","265000","6","S | M | L | XL | XXL","As photographed","To be confirmed","To be confirmed","No","No","Yes","Yes","Yes","No","/api/storage/objects/uploads/legacy-catalogue/2754/1-af637f29f14c.jpg","https://shopsoso.co/wp-content/uploads/2025/09/IMG_3282-scaled.jpg"
"20","Aeris","soso-109","men","Shirts","200000","3","S | M | L | XL | XXL","As photographed","To be confirmed","To be confirmed","No","No","Yes","Yes","Yes","No","/api/storage/objects/uploads/legacy-catalogue/2747/1-e66ecf312bf8.jpg","https://shopsoso.co/wp-content/uploads/2025/09/IMG_32831-scaled.jpg"
"21","The Zenor","soso-108","men","Kaftans","265000","7","S | M | L | XL | XXL","As photographed","To be confirmed","To be confirmed","No","No","Yes","Yes","Yes","No","/api/storage/objects/uploads/legacy-catalogue/2733/1-46883ba9588f.jpg","https://shopsoso.co/wp-content/uploads/2025/09/IMG_3276-scaled.jpg"
"22","The Auron","soso-107","men","Kaftans","250000","1","S | M | L | XL | XXL","As photographed","To be confirmed","To be confirmed","No","No","Yes","Yes","Yes","No","/api/storage/objects/uploads/legacy-catalogue/2664/1-81a7da121a78.jpg","https://shopsoso.co/wp-content/uploads/2025/05/SOSO_S.O.STUDIOS10138-scaled.jpg"
"23","The Lumen","soso-106","men","Kaftans","250000","1","S | M | L | XL | XXL","As photographed","To be confirmed","To be confirmed","No","No","Yes","Yes","Yes","No","/api/storage/objects/uploads/legacy-catalogue/2656/1-eff0c0a77edb.jpg","https://shopsoso.co/wp-content/uploads/2025/05/SOSO_S.O.STUDIOS10170-scaled.jpg"
"24","Imperial","soso-105","men","Agbadas","500000","3","S | M | L | XL | XXL","As photographed","To be confirmed","To be confirmed","No","No","Yes","Yes","Yes","No","/api/storage/objects/uploads/legacy-catalogue/2640/1-353f52336c07.jpg","https://shopsoso.co/wp-content/uploads/2025/05/SOSO_S.O.STUDIOS10099-scaled.jpg"
"25","The Raven","soso-104","men","Kaftans","250000","2","S | M | L | XL | XXL","As photographed","To be confirmed","To be confirmed","No","No","Yes","Yes","Yes","No","/api/storage/objects/uploads/legacy-catalogue/2632/1-f7e1ac118da0.jpg","https://shopsoso.co/wp-content/uploads/2025/05/SOSO_S.O.STUDIOS10118-scaled.jpg"
"26","The Carbon","soso-103","men","Kaftans","250000","4","S | M | L | XL | XXL","As photographed","To be confirmed","To be confirmed","No","No","Yes","Yes","Yes","No","/api/storage/objects/uploads/legacy-catalogue/2622/1-3929b9ac2151.jpg","https://shopsoso.co/wp-content/uploads/2025/05/SOSO_S.O.STUDIOS10079-scaled.jpg"
"27","The Phantom","soso-102","men","Kaftans","250000","3","S | M | L | XL | XXL","As photographed","To be confirmed","To be confirmed","No","No","Yes","Yes","Yes","No","/api/storage/objects/uploads/legacy-catalogue/2610/1-ac80caa18fdd.jpg","https://shopsoso.co/wp-content/uploads/2025/05/SOSO_S.O.STUDIOS10237-scaled.jpg"
"28","Kaelis","soso-101","men","Agbadas","500000","2","S | M | L | XL | XXL","As photographed","To be confirmed","To be confirmed","No","No","Yes","Yes","Yes","No","/api/storage/objects/uploads/legacy-catalogue/2602/1-cb60c5eb3bcf.jpg","https://shopsoso.co/wp-content/uploads/2025/05/SOSO_S.O.STUDIOS10154-scaled.jpg"
"29","The Inferno","danshiki-4","men","Dashikis","250000","5","S | M | L | XL | XXL","As photographed","To be confirmed","To be confirmed","No","No","Yes","Yes","Yes","No","/api/storage/objects/uploads/legacy-catalogue/2589/1-c58c94ecbecb.jpg","https://shopsoso.co/wp-content/uploads/2025/05/SOSO_S.O.STUDIOS10063-scaled.jpg"
"30","Vector","soso-99","men","Shirts","250000","3","S | M | L | XL | XXL","As photographed","To be confirmed","To be confirmed","No","No","Yes","Yes","Yes","No","/api/storage/objects/uploads/legacy-catalogue/2570/1-91aeae94422b.jpg","https://shopsoso.co/wp-content/uploads/2025/05/SOSO_S.O.STUDIOS9983-scaled.jpg"
"31","Alba","soso-98-2","men","Shirts","130000","3","S | M | L | XL | XXL","As photographed","To be confirmed","To be confirmed","No","No","Yes","Yes","Yes","No","/api/storage/objects/uploads/legacy-catalogue/2559/1-6c1a3bedd345.jpg","https://shopsoso.co/wp-content/uploads/2025/05/SOSO_S.O.STUDIOS10186_012526-scaled.jpg"
"32","The Kairo","soso-98","men","Kaftans","250000","2","S | M | L | XL | XXL","As photographed","To be confirmed","To be confirmed","No","No","Yes","Yes","Yes","No","/api/storage/objects/uploads/legacy-catalogue/2551/1-ee5d6efdc7dd.jpg","https://shopsoso.co/wp-content/uploads/2025/05/SOSO_S.O.STUDIOS10282_012436-scaled.jpg"
"33","The Zyren","soso-97","men","Kaftans","250000","4","S | M | L | XL | XXL","As photographed","To be confirmed","To be confirmed","No","No","Yes","Yes","Yes","No","/api/storage/objects/uploads/legacy-catalogue/2543/1-4f727ad31595.jpg","https://shopsoso.co/wp-content/uploads/2025/05/SOSO_S.O.STUDIOS10216-scaled.jpg"
"34","The Terra","soso-96","men","Kaftans","250000","4","S | M | L | XL | XXL","As photographed","To be confirmed","To be confirmed","No","No","Yes","Yes","Yes","No","/api/storage/objects/uploads/legacy-catalogue/2532/1-16709bc03fd7.jpg","https://shopsoso.co/wp-content/uploads/2025/05/SOSO_S.O.STUDIOS10161_012506-scaled.jpg"
"35","Echo","soso-95","men","Shirts","130000","6","S | M | L | XL | XXL","As photographed","To be confirmed","To be confirmed","No","No","Yes","Yes","Yes","No","/api/storage/objects/uploads/legacy-catalogue/1875/1-b01b5cb2cf84.jpg","https://shopsoso.co/wp-content/uploads/2025/03/WhatsApp-Image-2025-03-15-at-1.36.52-PM19.jpeg"
"36","Edge","soso-94","men","Men's Ready-to-Wear","100000","5","S | M | L | XL | XXL","As photographed","To be confirmed","To be confirmed","No","Yes","Yes","Yes","Yes","No","/api/storage/objects/uploads/legacy-catalogue/1864/1-864bc12a0769.jpg","https://shopsoso.co/wp-content/uploads/2025/03/WhatsApp-Image-2025-03-15-at-1.36.52-PM15.jpeg"
"37","Mansa","danshiki-2","men","Dashikis","250000","4","S | M | L | XL | XXL","As photographed","To be confirmed","To be confirmed","No","No","Yes","Yes","Yes","No","/api/storage/objects/uploads/legacy-catalogue/1848/1-6346840b2505.jpg","https://shopsoso.co/wp-content/uploads/2025/03/WhatsApp-Image-2025-03-15-at-1.36.52-PM11.jpeg"
"38","The Equinox","soso-93","men","Kaftans","250000","8","S | M | L | XL | XXL","As photographed","To be confirmed","To be confirmed","No","No","Yes","Yes","Yes","No","/api/storage/objects/uploads/legacy-catalogue/1836/1-5e69cccbc2b9.jpg","https://shopsoso.co/wp-content/uploads/2025/03/WhatsApp-Image-2025-03-15-at-1.36.52-PM2.jpeg"
"39","The Sterling","soso-92","men","Kaftans","250000","2","S | M | L | XL | XXL","As photographed","To be confirmed","To be confirmed","No","No","Yes","Yes","Yes","No","/api/storage/objects/uploads/legacy-catalogue/1828/1-cad394af1c1f.jpg","https://shopsoso.co/wp-content/uploads/2024/12/IMG_2823-scaled.jpg"
"40","Azani","danshiki-3","men","Dashikis","250000","4","S | M | L | XL | XXL","As photographed","To be confirmed","To be confirmed","No","No","Yes","Yes","Yes","No","/api/storage/objects/uploads/legacy-catalogue/1822/1-a76a1353c111.jpg","https://shopsoso.co/wp-content/uploads/2024/12/IMG_2820-scaled.jpg"
"41","The Flint","art-piece","men","Kaftans","300000","3","S | M | L | XL | XXL","As photographed","To be confirmed","To be confirmed","No","No","Yes","Yes","Yes","No","/api/storage/objects/uploads/legacy-catalogue/1816/1-e3241599da0c.jpg","https://shopsoso.co/wp-content/uploads/2024/12/IMG_2816-scaled.jpg"
"42","Kito","danshiki-1","men","Dashikis","260000","5","S | M | L | XL | XXL","As photographed","To be confirmed","To be confirmed","No","No","Yes","Yes","Yes","No","/api/storage/objects/uploads/legacy-catalogue/1792/1-9c03682498e7.jpg","https://shopsoso.co/wp-content/uploads/2024/12/IMG_2818-scaled.jpg"
"43","The Solen","soso-91","men","Kaftans","260000","4","S | M | L | XL | XXL","As photographed","To be confirmed","To be confirmed","No","No","Yes","Yes","Yes","No","/api/storage/objects/uploads/legacy-catalogue/1713/1-7eba0b1c88bc.jpg","https://shopsoso.co/wp-content/uploads/2024/09/IMG_0775-scaled.jpg"
"44","The Vantor","soso-90","men","Kaftans","250000","3","S | M | L | XL | XXL","As photographed","To be confirmed","To be confirmed","No","No","Yes","Yes","Yes","No","/api/storage/objects/uploads/legacy-catalogue/1704/1-7bd47c1cf409.jpg","https://shopsoso.co/wp-content/uploads/2024/09/IMG_0778-scaled.jpg"
"45","The Auron","soso-89","men","Kaftans","250000","4","S | M | L | XL | XXL","As photographed","To be confirmed","To be confirmed","No","No","Yes","Yes","Yes","No","/api/storage/objects/uploads/legacy-catalogue/1696/1-c4b3fa1771ec.jpg","https://shopsoso.co/wp-content/uploads/2024/09/IMG_0840-scaled.jpg"
"46","The Elian","soso-88","men","Two-Piece","200000","4","S | M | L | XL | XXL","As photographed","To be confirmed","To be confirmed","No","No","Yes","Yes","Yes","No","/api/storage/objects/uploads/legacy-catalogue/1678/1-91fb1abf18ce.jpg","https://shopsoso.co/wp-content/uploads/2024/09/IMG_0762-scaled.jpg"
"47","The Orvan","soso-87","men","Kaftans","250000","5","S | M | L | XL | XXL","As photographed","To be confirmed","To be confirmed","No","No","Yes","Yes","Yes","No","/api/storage/objects/uploads/legacy-catalogue/1672/1-3108fea2e457.jpg","https://shopsoso.co/wp-content/uploads/2024/09/IMG_0791-scaled.jpg"
"48","The Dune","soso-86","men","Two-Piece","200000","5","S | M | L | XL | XXL","As photographed","To be confirmed","To be confirmed","No","No","Yes","Yes","Yes","No","/api/storage/objects/uploads/legacy-catalogue/1653/1-4b7594f03de6.jpg","https://shopsoso.co/wp-content/uploads/2024/09/IMG_0768-1-scaled.jpg"
"49","The Dualis","soso-85","men","Kaftans","250000","2","S | M | L | XL | XXL","As photographed","To be confirmed","To be confirmed","No","No","Yes","Yes","Yes","No","/api/storage/objects/uploads/legacy-catalogue/1525/1-5cf44a197f34.jpg","https://shopsoso.co/wp-content/uploads/2024/07/WhatsApp-Image-2024-07-07-at-9.59.19-AM.jpeg"
"50","Ayo","soso-84","men","Agbadas","500000","5","S | M | L | XL | XXL","As photographed","To be confirmed","To be confirmed","No","No","Yes","Yes","Yes","No","/api/storage/objects/uploads/legacy-catalogue/1518/1-d0f1853bcaea.jpg","https://shopsoso.co/wp-content/uploads/2024/07/WhatsApp-Image-2024-07-07-at-9.59.18-AM-1.jpeg"
"51","Crest","soso-83","men","Shirts","116000","3","S | M | L | XL | XXL","As photographed","To be confirmed","To be confirmed","No","No","Yes","Yes","Yes","No","/api/storage/objects/uploads/legacy-catalogue/1511/1-0688c962156b.jpg","https://shopsoso.co/wp-content/uploads/2024/07/WhatsApp-Image-2024-07-07-at-9.59.18-AM.jpeg"
"52","Crust","soso-82","men","Shirts","130000","2","S | M | L | XL | XXL","As photographed","To be confirmed","To be confirmed","No","No","Yes","Yes","Yes","No","/api/storage/objects/uploads/legacy-catalogue/1504/1-547a20ea24b0.jpg","https://shopsoso.co/wp-content/uploads/2024/07/WhatsApp-Image-2024-07-07-at-9.59.17-AM.jpeg"
"53","Summit","soso-81","men","Agbadas","500000","5","S | M | L | XL | XXL","As photographed","To be confirmed","To be confirmed","No","No","Yes","Yes","Yes","No","/api/storage/objects/uploads/legacy-catalogue/1497/1-9a15c7885d8b.jpg","https://shopsoso.co/wp-content/uploads/2024/07/WhatsApp-Image-2024-07-07-at-9.59.16-AM-1.jpeg"
"54","The Frontier","soso-80","men","Kaftans","250000","2","S | M | L | XL | XXL","As photographed","To be confirmed","To be confirmed","No","No","Yes","Yes","Yes","No","/api/storage/objects/uploads/legacy-catalogue/1490/1-3e012035ad11.jpg","https://shopsoso.co/wp-content/uploads/2024/07/WhatsApp-Image-2024-07-07-at-9.59.16-AM.jpeg"
"55","Aurel","soso-79-2","women","Women's Ready-to-Wear","125000","6","S | M | L | XL | XXL","As photographed","To be confirmed","To be confirmed","No","No","Yes","Yes","Yes","No","/api/storage/objects/uploads/legacy-catalogue/1483/1-37f1371e8fd5.jpg","https://shopsoso.co/wp-content/uploads/2024/07/WhatsApp-Image-2024-07-07-at-9.59.15-AM-1.jpeg"
"56","The Cedar","the-ko2-attire","men","Kaftans","250000","4","S | M | L | XL | XXL","As photographed","To be confirmed","To be confirmed","No","No","Yes","Yes","Yes","No","/api/storage/objects/uploads/legacy-catalogue/1468/1-b81f5cbc3018.jpg","https://shopsoso.co/wp-content/uploads/2024/07/WhatsApp-Image-2024-07-07-at-9.57.06-AM.jpeg"
"57","The Bronze","the-ko1-attire","men","Kaftans","250000","4","S | M | L | XL | XXL","As photographed","To be confirmed","To be confirmed","No","No","Yes","Yes","Yes","No","/api/storage/objects/uploads/legacy-catalogue/1461/1-543754539eaf.jpg","https://shopsoso.co/wp-content/uploads/2024/07/WhatsApp-Image-2024-07-07-at-9.54.03-AM.jpeg"
"58","The Pinnacle","soso-78","men","Kaftans","206000","4","S | M | L | XL | XXL","As photographed","To be confirmed","To be confirmed","No","No","Yes","Yes","Yes","No","/api/storage/objects/uploads/legacy-catalogue/1446/1-9c2ab994278a.jpg","https://shopsoso.co/wp-content/uploads/2024/04/WhatsApp-Image-2024-04-27-at-1.23.32-PM-2.jpeg"
"59","Toran","soso-77","men","Kaftans","250000","5","S | M | L | XL | XXL","Blue","To be confirmed","To be confirmed","No","No","No","Yes","Yes","No","/api/storage/objects/uploads/legacy-catalogue/1435/1-c070bdd4da9d.jpg","https://shopsoso.co/wp-content/uploads/2024/04/WhatsApp-Image-2024-04-27-at-1.23.32-PM-1.jpeg"
"60","Kaevon","the-koles2piece","men","Shirts","220000","3","S | M | L | XL | XXL","White","To be confirmed","To be confirmed","No","No","No","Yes","Yes","No","/api/storage/objects/uploads/legacy-catalogue/1404/1-8084880ed5cf.jpg","https://shopsoso.co/wp-content/uploads/2024/02/WhatsApp-Image-2024-02-20-at-4.22.36-PM.jpeg"
"61","The Ember","the-koleskaftan","men","Kaftans","250000","2","S | M | L | XL | XXL","Brown","To be confirmed","To be confirmed","No","No","No","Yes","Yes","No","/api/storage/objects/uploads/legacy-catalogue/1396/1-e0e903fe2bb8.jpg","https://shopsoso.co/wp-content/uploads/2024/02/WhatsApp-Image-2024-02-20-at-4.22.32-PM-1.jpeg"
"62","The Alba","soso-76","men","Kaftans","200000","5","S | M | L | XL | XXL","White","To be confirmed","To be confirmed","No","No","No","Yes","Yes","No","/api/storage/objects/uploads/legacy-catalogue/1381/1-fe84ab0a6862.jpg","https://shopsoso.co/wp-content/uploads/2024/01/WhatsApp-Image-2024-01-14-at-5.32.57-PM-3.jpeg"
"63","Strata","soso-75","men","Two-Piece","200000","5","S | M | L | XL | XXL","Black","To be confirmed","To be confirmed","No","No","No","Yes","Yes","No","/api/storage/objects/uploads/legacy-catalogue/1369/1-219848c355ef.jpg","https://shopsoso.co/wp-content/uploads/2024/01/WhatsApp-Image-2024-01-14-at-1.56.43-PM-5.jpeg"
"64","The Merlot","soso-lb-001","men","Kaftans","250000","6","S | M | L | XL | XXL","As photographed","Wool","To be confirmed","No","No","Yes","No","Yes","No","/api/storage/objects/uploads/legacy-catalogue/1363/1-6127bfd35f60.jpg","https://shopsoso.co/wp-content/uploads/2024/01/IMG_4689-scaled.jpg"
"65","The Elian","soso-73","men","Kaftans","200000","2","S | M | L | XL | XXL","White","To be confirmed","To be confirmed","No","No","No","Yes","Yes","No","/api/storage/objects/uploads/legacy-catalogue/1299/1-bfd54fde1e11.jpg","https://shopsoso.co/wp-content/uploads/2023/09/WhatsApp-Image-2023-09-10-at-9.30.55-AM.jpeg"
"66","The Phoenix","soso-72-2","men","Kaftans","250000","2","S | M | L | XL | XXL","As photographed","To be confirmed","To be confirmed","No","No","Yes","Yes","Yes","No","/api/storage/objects/uploads/legacy-catalogue/1279/1-62497211b823.jpg","https://shopsoso.co/wp-content/uploads/2023/09/WhatsApp-Image-2023-09-10-at-9.30.56-AM-2.jpeg"
"67","The Crimson","soso-71","men","Kaftans","250000","3","S | M | L | XL | XXL","Red","To be confirmed","To be confirmed","No","No","No","Yes","Yes","No","/api/storage/objects/uploads/legacy-catalogue/1248/1-921ba2353f75.jpg","https://shopsoso.co/wp-content/uploads/2023/09/WhatsApp-Image-2023-09-10-at-9.30.56-AM-3.jpeg"
"68","The Noxen","linen-two-piece","men","Two-Piece","200000","3","S | M | L | XL | XXL","Black","Linen","To be confirmed","No","No","No","No","Yes","No","/api/storage/objects/uploads/legacy-catalogue/1238/1-b4e232f5a522.jpg","https://shopsoso.co/wp-content/uploads/2023/09/WhatsApp-Image-2023-09-09-at-3.35.36-PM-2.jpeg"
"69","The Apex","soso-70","men","Kaftans","250000","4","S | M | L | XL | XXL","Black","To be confirmed","To be confirmed","No","No","No","Yes","Yes","No","/api/storage/objects/uploads/legacy-catalogue/1228/1-19648a5b9fa4.jpg","https://shopsoso.co/wp-content/uploads/2023/09/WhatsApp-Image-2023-09-09-at-3.28.23-PM.jpeg"
"70","The Toran","soso-69","men","Kaftans","250000","3","S | M | L | XL | XXL","Red","To be confirmed","To be confirmed","No","No","No","Yes","Yes","No","/api/storage/objects/uploads/legacy-catalogue/1219/1-4a1231a313fb.jpg","https://shopsoso.co/wp-content/uploads/2023/09/WhatsApp-Image-2023-09-09-at-3.23.59-PM.jpeg"
"71","The Shade","summervibes-shade","men","Kaftans","250000","4","S | M | L | XL | XXL","Black","To be confirmed","To be confirmed","No","No","No","Yes","Yes","No","/api/storage/objects/uploads/legacy-catalogue/1159/1-cec46c93b75c.jpg","https://shopsoso.co/wp-content/uploads/2023/08/IMG_0524-scaled.jpg"
"72","The Ambient","summervibes-ambient","men","Kaftans","250000","4","S | M | L | XL | XXL","Brown","To be confirmed","To be confirmed","No","No","No","Yes","Yes","No","/api/storage/objects/uploads/legacy-catalogue/1149/1-783fd73753b9.jpg","https://shopsoso.co/wp-content/uploads/2023/08/IMG_0522-scaled.jpg"
"73","The Tint","summervibes-tone","men","Kaftans","250000","3","S | M | L | XL | XXL","Brown","To be confirmed","To be confirmed","No","No","No","Yes","Yes","No","/api/storage/objects/uploads/legacy-catalogue/1141/1-284bc953d7b1.jpg","https://shopsoso.co/wp-content/uploads/2023/08/IMG_0529-scaled.jpg"
"74","The Ondine","soso-68","men","Kaftans","250000","3","S | M | L | XL | XXL","Blue","To be confirmed","To be confirmed","No","No","No","Yes","Yes","No","/api/storage/objects/uploads/legacy-catalogue/1126/1-112f410bd602.jpg","https://shopsoso.co/wp-content/uploads/2023/07/IMG_0322-scaled.jpg"
"75","SOSO Cufflinks","soso-cufflinks","accessories","Accessories","30000","3","Size review required","As photographed","To be confirmed","To be confirmed","No","No","Yes","Yes","Yes","No","/api/storage/objects/uploads/legacy-catalogue/1119/1-81591c15073f.jpg","https://shopsoso.co/wp-content/uploads/2023/07/IMG_0148-scaled.jpg"
"76","The Nocturne","soso-65","men","Kaftans","250000","3","S | M | L | XL | XXL","Black","To be confirmed","To be confirmed","No","No","No","Yes","Yes","No","/api/storage/objects/uploads/legacy-catalogue/1100/1-13274397d1ac.jpg","https://shopsoso.co/wp-content/uploads/2023/07/IMG_0310-scaled.jpg"
"77","Cinder","soso-64","men","Kaftans","175000","3","S | M | L | XL | XXL","Black","To be confirmed","To be confirmed","No","No","No","Yes","Yes","No","/api/storage/objects/uploads/legacy-catalogue/1089/1-47de8147e234.jpg","https://shopsoso.co/wp-content/uploads/2023/07/IMG_0301-scaled.jpg"
"78","The Bronzine","soso-63","men","Kaftans","250000","3","S | M | L | XL | XXL","Brown","To be confirmed","To be confirmed","No","No","No","Yes","Yes","No","/api/storage/objects/uploads/legacy-catalogue/1062/1-28cb6dca6f6e.jpg","https://shopsoso.co/wp-content/uploads/2023/06/IMG_3792-1.jpg"
"79","The Savile","soso-62","men","Kaftans","250000","6","S | M | L | XL | XXL","Black","To be confirmed","To be confirmed","No","No","No","Yes","Yes","No","/api/storage/objects/uploads/legacy-catalogue/1056/1-b219f74c28da.jpg","https://shopsoso.co/wp-content/uploads/2023/06/07136B95-D7DC-4546-B9BA-D68F2319E4A9-1.jpeg"
"80","The Ardoise","soso-61","men","Kaftans","250000","2","S | M | L | XL | XXL","Blue","To be confirmed","To be confirmed","No","No","No","Yes","Yes","No","/api/storage/objects/uploads/legacy-catalogue/1042/1-d586b6e536c7.jpg","https://shopsoso.co/wp-content/uploads/2023/06/IMG_8803-scaled.jpg"
"81","The Blanche","soso-60","men","Kaftans","250000","2","S | M | L | XL | XXL","White","To be confirmed","To be confirmed","No","No","No","Yes","Yes","No","/api/storage/objects/uploads/legacy-catalogue/1034/1-f625c4be992c.jpg","https://shopsoso.co/wp-content/uploads/2023/06/IMG_8799-scaled.jpg"
"82","The Sable","soso-59-2","men","Kaftans","250000","2","S | M | L | XL | XXL","Black","To be confirmed","To be confirmed","No","No","No","Yes","Yes","No","/api/storage/objects/uploads/legacy-catalogue/1027/1-17f91d9f7a44.jpg","https://shopsoso.co/wp-content/uploads/2023/06/IMG_8801-scaled.jpg"
"83","The Abyss","soso-58","men","Kaftans","250000","2","S | M | L | XL | XXL","Blue","To be confirmed","To be confirmed","No","No","No","Yes","Yes","No","/api/storage/objects/uploads/legacy-catalogue/1019/1-9475da1a820b.jpg","https://shopsoso.co/wp-content/uploads/2023/06/IMG_7703.jpg"
"84","The Cyano","soso-57","men","Kaftans","250000","3","S | M | L | XL | XXL","Black","To be confirmed","To be confirmed","No","No","No","Yes","Yes","No","/api/storage/objects/uploads/legacy-catalogue/1010/1-a37fe8bcad13.jpg","https://shopsoso.co/wp-content/uploads/2023/06/IMG_7587-3.jpg"
"85","The Cirus","soso-55","men","Kaftans","250000","3","S | M | L | XL | XXL","White","To be confirmed","To be confirmed","No","No","No","Yes","Yes","No","/api/storage/objects/uploads/legacy-catalogue/994/1-ae910ffbccf1.jpg","https://shopsoso.co/wp-content/uploads/2023/06/IMG_8562.jpg"
"86","The Vermeil","soso-54","men","Kaftans","250000","4","S | M | L | XL | XXL","Red","To be confirmed","To be confirmed","No","No","No","Yes","Yes","No","/api/storage/objects/uploads/legacy-catalogue/984/1-230a8512e767.jpg","https://shopsoso.co/wp-content/uploads/2023/06/IMG_8445.jpg"
"87","The Mariner","soso-53","men","Kaftans","250000","2","S | M | L | XL | XXL","Blue","To be confirmed","To be confirmed","No","No","No","Yes","Yes","No","/api/storage/objects/uploads/legacy-catalogue/967/1-dc1006a5a4bd.jpg","https://shopsoso.co/wp-content/uploads/2023/06/WhatsApp-Image-2023-06-05-at-11.55.02-AM.jpeg"
"88","The Basalt","soso-56","men","Kaftans","250000","2","S | M | L | XL | XXL","Black","To be confirmed","To be confirmed","No","No","No","Yes","Yes","No","/api/storage/objects/uploads/legacy-catalogue/961/1-0bcba7e192b6.jpg","https://shopsoso.co/wp-content/uploads/2023/06/IMG_7584-1.jpg"
"89","Ragale","soso-52","men","Agbadas","500000","1","S | M | L | XL | XXL","Black","To be confirmed","To be confirmed","No","No","No","Yes","Yes","No","/api/storage/objects/uploads/legacy-catalogue/864/1-ea2715bfeb44.jpg","https://shopsoso.co/wp-content/uploads/2023/02/IMG_2914-scaled.jpg"
"90","Majesty","soso-51","men","Agbadas","500000","1","S | M | L | XL | XXL","Black","To be confirmed","To be confirmed","No","No","No","Yes","Yes","No","/api/storage/objects/uploads/legacy-catalogue/857/1-2b2c9cc983de.jpg","https://shopsoso.co/wp-content/uploads/2023/02/IMG_4819-scaled.jpg"
"91","The Moss","soso-59","men","Kaftans","250000","1","S | M | L | XL | XXL","Black","To be confirmed","To be confirmed","No","No","No","Yes","Yes","No","/api/storage/objects/uploads/legacy-catalogue/850/1-8aaf8dd8eedd.jpg","https://shopsoso.co/wp-content/uploads/2023/02/D85_7149-scaled.jpg"
"92","The Jade","soso-47","men","Kaftans","250000","3","S | M | L | XL | XXL","Black","To be confirmed","To be confirmed","No","No","No","Yes","Yes","No","/api/storage/objects/uploads/legacy-catalogue/822/1-c483ab6fea4f.jpg","https://shopsoso.co/wp-content/uploads/2023/02/WhatsApp-Image-2023-02-15-at-4.02.01-PM.jpeg"
"93","Regnum","soso-46","men","Agbadas","500000","1","S | M | L | XL | XXL","Black","To be confirmed","To be confirmed","No","No","No","Yes","Yes","No","/api/storage/objects/uploads/legacy-catalogue/811/1-487685946b9f.jpg","https://shopsoso.co/wp-content/uploads/2023/02/IMG_0628.jpg"
"94","Imperius","soso-45","men","Agbadas","500000","3","S | M | L | XL | XXL","Green","To be confirmed","To be confirmed","No","No","No","Yes","Yes","No","/api/storage/objects/uploads/legacy-catalogue/804/1-e31ee6462694.jpg","https://shopsoso.co/wp-content/uploads/2023/02/WhatsApp-Image-2023-02-15-at-6.55.02-PM.jpeg"
"95","Graphite","soso-44","men","Kaftans","250000","2","S | M | L | XL | XXL","Black","To be confirmed","To be confirmed","No","No","No","Yes","Yes","No","/api/storage/objects/uploads/legacy-catalogue/790/1-1befe110cbd5.jpg","https://shopsoso.co/wp-content/uploads/2023/02/WhatsApp-Image-2023-02-13-at-5.53.00-PM-2.jpeg"
"96","Cirrus","soso-43","men","Kaftans","250000","1","S | M | L | XL | XXL","White","To be confirmed","To be confirmed","No","No","No","Yes","Yes","No","/api/storage/objects/uploads/legacy-catalogue/782/1-8e5e90a0253d.jpg","https://shopsoso.co/wp-content/uploads/2023/02/WhatsApp-Image-2023-02-13-at-5.48.04-PM-2.jpeg"
"97","The Amiral","soso-42","men","Kaftans","250000","2","S | M | L | XL | XXL","Blue","To be confirmed","To be confirmed","No","No","No","Yes","Yes","No","/api/storage/objects/uploads/legacy-catalogue/775/1-b7e4484c3c88.jpg","https://shopsoso.co/wp-content/uploads/2023/02/WhatsApp-Image-2023-02-13-at-5.48.03-PM-2.jpeg"
"98","The Navarra","soso-41","men","Kaftans","250000","1","S | M | L | XL | XXL","Blue","To be confirmed","To be confirmed","No","No","No","Yes","Yes","No","/api/storage/objects/uploads/legacy-catalogue/752/1-5536d9f8122f.jpg","https://shopsoso.co/wp-content/uploads/2023/02/WhatsApp-Image-2023-02-08-at-11.20.04-AM-1.jpeg"
"99","The Ledger","soso-40","men","Kaftans","250000","1","S | M | L | XL | XXL","Black","To be confirmed","To be confirmed","No","No","No","Yes","Yes","No","/api/storage/objects/uploads/legacy-catalogue/745/1-05873e27fbfc.jpg","https://shopsoso.co/wp-content/uploads/2023/02/WhatsApp-Image-2023-02-08-at-11.20.04-AM.jpeg"
"100","The Vellum","soso-39","men","Kaftans","250000","1","S | M | L | XL | XXL","Black","To be confirmed","To be confirmed","No","No","No","Yes","Yes","No","/api/storage/objects/uploads/legacy-catalogue/738/1-51ba49ca8fab.jpg","https://shopsoso.co/wp-content/uploads/2023/02/WhatsApp-Image-2023-02-08-at-11.20.03-AM-1.jpeg"
"101","The Zeste","soso-38","men","Kaftans","250000","1","S | M | L | XL | XXL","Green","To be confirmed","To be confirmed","No","No","No","Yes","Yes","No","/api/storage/objects/uploads/legacy-catalogue/731/1-848f06a6f462.jpg","https://shopsoso.co/wp-content/uploads/2023/02/WhatsApp-Image-2023-02-08-at-11.20.03-AM.jpeg"
"102","The Vesper","soso-37","men","Kaftans","250000","1","S | M | L | XL | XXL","Blue","To be confirmed","To be confirmed","No","No","No","Yes","Yes","No","/api/storage/objects/uploads/legacy-catalogue/724/1-f01749e9fa49.jpg","https://shopsoso.co/wp-content/uploads/2023/02/WhatsApp-Image-2023-02-08-at-11.20.02-AM-1.jpeg"
"103","The Cacao","soso-36","men","Kaftans","250000","1","S | M | L | XL | XXL","Brown","To be confirmed","To be confirmed","No","No","No","Yes","Yes","No","/api/storage/objects/uploads/legacy-catalogue/717/1-6deed8fafabc.jpg","https://shopsoso.co/wp-content/uploads/2023/02/WhatsApp-Image-2023-02-08-at-11.20.02-AM.jpeg"
"104","The Marino","soso-35","men","Kaftans","250000","1","S | M | L | XL | XXL","Blue","To be confirmed","To be confirmed","No","No","No","Yes","Yes","No","/api/storage/objects/uploads/legacy-catalogue/710/1-52cac6d7aa04.jpg","https://shopsoso.co/wp-content/uploads/2023/02/WhatsApp-Image-2023-02-08-at-11.20.01-AM-1.jpeg"
"105","The Tarnish","soso-33","men","Kaftans","250000","1","S | M | L | XL | XXL","Black","To be confirmed","To be confirmed","No","No","No","Yes","Yes","No","/api/storage/objects/uploads/legacy-catalogue/695/1-45b3b7d1e04b.jpg","https://shopsoso.co/wp-content/uploads/2023/02/WhatsApp-Image-2023-02-08-at-11.20.00-AM-1.jpeg"
"106","The Sage","soso-31","men","Kaftans","250000","1","S | M | L | XL | XXL","Black","To be confirmed","To be confirmed","No","No","No","Yes","Yes","No","/api/storage/objects/uploads/legacy-catalogue/681/1-3a2f576899d0.jpg","https://shopsoso.co/wp-content/uploads/2023/02/WhatsApp-Image-2023-02-08-at-11.19.59-AM-1.jpeg"
"107","The Cyan","soso-30","men","Kaftans","250000","1","S | M | L | XL | XXL","Blue","To be confirmed","To be confirmed","No","No","No","Yes","Yes","No","/api/storage/objects/uploads/legacy-catalogue/674/1-ddf346b3515d.jpg","https://shopsoso.co/wp-content/uploads/2023/02/WhatsApp-Image-2023-02-08-at-11.19.59-AM.jpeg"
"108","The Tabac","soso-29","men","Kaftans","250000","1","S | M | L | XL | XXL","Brown","To be confirmed","To be confirmed","No","No","No","Yes","Yes","No","/api/storage/objects/uploads/legacy-catalogue/667/1-e26b77c06f06.jpg","https://shopsoso.co/wp-content/uploads/2023/02/WhatsApp-Image-2023-02-08-at-11.19.58-AM.jpeg"
"109","The Citron","soso-28","men","Kaftans","250000","1","S | M | L | XL | XXL","Green","To be confirmed","To be confirmed","No","No","No","Yes","Yes","No","/api/storage/objects/uploads/legacy-catalogue/660/1-fae874e3e9aa.jpg","https://shopsoso.co/wp-content/uploads/2023/02/WhatsApp-Image-2023-02-08-at-11.10.44-AM-3.jpeg"
"110","The Marfil","soso-27","men","Kaftans","250000","1","S | M | L | XL | XXL","White","To be confirmed","To be confirmed","No","No","No","Yes","Yes","No","/api/storage/objects/uploads/legacy-catalogue/652/1-4a504c182aad.jpg","https://shopsoso.co/wp-content/uploads/2023/02/WhatsApp-Image-2023-02-08-at-11.10.44-AM-2.jpeg"
"111","The Rogue","soso-21","men","Kaftans","250000","1","S | M | L | XL | XXL","Red","To be confirmed","To be confirmed","No","No","No","Yes","Yes","No","/api/storage/objects/uploads/legacy-catalogue/645/1-b0c48a72abc3.jpg","https://shopsoso.co/wp-content/uploads/2023/02/WhatsApp-Image-2023-02-08-at-11.10.44-AM-1.jpeg"
"112","The Nube","soso-26","men","Kaftans","250000","1","S | M | L | XL | XXL","White","To be confirmed","To be confirmed","No","No","No","Yes","Yes","No","/api/storage/objects/uploads/legacy-catalogue/638/1-ad846f186566.jpg","https://shopsoso.co/wp-content/uploads/2023/02/WhatsApp-Image-2023-02-08-at-11.10.43-AM-3.jpeg"
"113","The Imperial","soso-25","men","Men's Ready-to-Wear","250000","1","S | M | L | XL | XXL","As photographed","To be confirmed","To be confirmed","No","Yes","Yes","Yes","Yes","No","/api/storage/objects/uploads/legacy-catalogue/631/1-27082978af83.jpg","https://shopsoso.co/wp-content/uploads/2023/02/WhatsApp-Image-2023-02-08-at-11.09.05-AM.jpeg"
"114","The Sapphire","soso-24","men","Men's Ready-to-Wear","250000","1","S | M | L | XL | XXL","Blue","To be confirmed","To be confirmed","No","Yes","No","Yes","Yes","No","/api/storage/objects/uploads/legacy-catalogue/624/1-716abeedce33.jpg","https://shopsoso.co/wp-content/uploads/2023/02/WhatsApp-Image-2023-02-08-at-11.09.04-AM-1.jpeg"
"115","The Obsidian","soso-23","men","Men's Ready-to-Wear","250000","1","S | M | L | XL | XXL","Black","To be confirmed","To be confirmed","No","Yes","No","Yes","Yes","No","/api/storage/objects/uploads/legacy-catalogue/617/1-96d995d6b967.jpg","https://shopsoso.co/wp-content/uploads/2023/02/WhatsApp-Image-2023-02-08-at-11.09.04-AM.jpeg"
"116","The Legacy","soso-22","men","Men's Ready-to-Wear","250000","1","S | M | L | XL | XXL","As photographed","To be confirmed","To be confirmed","No","Yes","Yes","Yes","Yes","No","/api/storage/objects/uploads/legacy-catalogue/610/1-a149d06c095e.jpg","https://shopsoso.co/wp-content/uploads/2023/02/WhatsApp-Image-2023-02-08-at-11.09.03-AM-2.jpeg"
"117","The Noble","soso-20","men","Men's Ready-to-Wear","250000","1","S | M | L | XL | XXL","As photographed","To be confirmed","To be confirmed","No","Yes","Yes","Yes","Yes","No","/api/storage/objects/uploads/legacy-catalogue/597/1-5b2ff49efc1e.jpg","https://shopsoso.co/wp-content/uploads/2023/02/WhatsApp-Image-2023-02-08-at-11.09.03-AM.jpeg"
"118","The Azure","soso-19","men","Men's Ready-to-Wear","250000","1","S | M | L | XL | XXL","Blue","To be confirmed","To be confirmed","No","Yes","No","Yes","Yes","No","/api/storage/objects/uploads/legacy-catalogue/590/1-42d53b4ffe12.jpg","https://shopsoso.co/wp-content/uploads/2023/02/WhatsApp-Image-2023-02-08-at-11.09.02-AM-1.jpeg"
"119","The Olive","soso-18","men","Men's Ready-to-Wear","250000","1","S | M | L | XL | XXL","Green","To be confirmed","To be confirmed","No","Yes","No","Yes","Yes","No","/api/storage/objects/uploads/legacy-catalogue/583/1-8ae8431c6795.jpg","https://shopsoso.co/wp-content/uploads/2023/02/WhatsApp-Image-2023-02-08-at-11.09.02-AM.jpeg"
"120","The Midnight","soso-17","men","Men's Ready-to-Wear","250000","1","S | M | L | XL | XXL","As photographed","To be confirmed","To be confirmed","No","Yes","Yes","Yes","Yes","No","/api/storage/objects/uploads/legacy-catalogue/576/1-5dbd52356721.jpg","https://shopsoso.co/wp-content/uploads/2023/02/WhatsApp-Image-2023-02-08-at-11.09.01-AM-1.jpeg"
"121","The Onyx","soso-16","men","Men's Ready-to-Wear","250000","1","S | M | L | XL | XXL","Black","To be confirmed","To be confirmed","No","Yes","No","Yes","Yes","No","/api/storage/objects/uploads/legacy-catalogue/569/1-61e21a603a6b.jpg","https://shopsoso.co/wp-content/uploads/2023/02/WhatsApp-Image-2023-02-08-at-11.09.01-AM.jpeg"
"122","The Regent","soso-15","men","Men's Ready-to-Wear","250000","2","S | M | L | XL | XXL","As photographed","To be confirmed","To be confirmed","No","Yes","Yes","Yes","Yes","No","/api/storage/objects/uploads/legacy-catalogue/561/1-63798c7a3128.jpg","https://shopsoso.co/wp-content/uploads/2023/02/WhatsApp-Image-2023-02-08-at-11.09.00-AM-1.jpeg"
"123","The Axis","soso-14","men","Men's Ready-to-Wear","250000","2","S | M | L | XL | XXL","As photographed","To be confirmed","To be confirmed","No","Yes","Yes","Yes","Yes","No","/api/storage/objects/uploads/legacy-catalogue/553/1-878a5ced8ef8.jpg","https://shopsoso.co/wp-content/uploads/2023/02/WhatsApp-Image-2023-02-08-at-11.09.00-AM.jpeg"
"124","The Heritage","soso-13","men","Men's Ready-to-Wear","250000","1","S | M | L | XL | XXL","As photographed","To be confirmed","To be confirmed","No","Yes","Yes","Yes","Yes","No","/api/storage/objects/uploads/legacy-catalogue/544/1-5eac6445fe75.jpg","https://shopsoso.co/wp-content/uploads/2023/02/WhatsApp-Image-2023-02-08-at-11.08.58-AM-2.jpeg"
"125","The Commander","soso-04","men","Men's Ready-to-Wear","250000","1","S | M | L | XL | XXL","As photographed","To be confirmed","To be confirmed","No","Yes","Yes","Yes","Yes","No","/api/storage/objects/uploads/legacy-catalogue/519/1-3422529bdd78.jpg","https://shopsoso.co/wp-content/uploads/2023/02/IMG_7983-scaled.jpg"
"126","The Mosaic","soso-07","men","Men's Ready-to-Wear","250000","1","S | M | L | XL | XXL","As photographed","To be confirmed","To be confirmed","No","Yes","Yes","Yes","Yes","No","/api/storage/objects/uploads/legacy-catalogue/512/1-bd20cf34a210.jpg","https://shopsoso.co/wp-content/uploads/2023/02/WhatsApp-Image-2023-02-08-at-11.10.43-AM-2.jpeg"
"127","The Slate","soso-06","men","Men's Ready-to-Wear","250000","2","S | M | L | XL | XXL","Grey","To be confirmed","To be confirmed","No","Yes","No","Yes","Yes","No","/api/storage/objects/uploads/legacy-catalogue/506/1-b63cd9eb92e3.jpg","https://shopsoso.co/wp-content/uploads/2023/02/WhatsApp-Image-2023-02-08-at-11.jpg"
"128","The Sovereign","soso-02","men","Men's Ready-to-Wear","250000","1","S | M | L | XL | XXL","As photographed","To be confirmed","To be confirmed","No","Yes","Yes","Yes","Yes","No","/api/storage/objects/uploads/legacy-catalogue/500/1-1eaaed2a2bb4.jpg","https://shopsoso.co/wp-content/uploads/2023/02/WhatsApp-Image-2023-02-08-at-11.08.56-AM.jpeg"
"129","The Pinstripe","soso-08","men","Men's Ready-to-Wear","250000","2","S | M | L | XL | XXL","As photographed","To be confirmed","To be confirmed","No","Yes","Yes","Yes","Yes","No","/api/storage/objects/uploads/legacy-catalogue/494/1-1dd224d4fa3d.jpg","https://shopsoso.co/wp-content/uploads/2023/02/IMG_3788.jpg"
"130","The Skycrest","soso-05","men","Men's Ready-to-Wear","250000","2","S | M | L | XL | XXL","As photographed","To be confirmed","To be confirmed","No","Yes","Yes","Yes","Yes","No","/api/storage/objects/uploads/legacy-catalogue/488/1-4c4d3162843d.jpg","https://shopsoso.co/wp-content/uploads/2023/02/WhatsApp-Image-2023-02-08-at-11.31.40-AM.jpeg"
"131","The Noir","soso-01","men","Men's Ready-to-Wear","250000","1","S | M | L | XL | XXL","Black","To be confirmed","To be confirmed","No","Yes","No","Yes","Yes","No","/api/storage/objects/uploads/legacy-catalogue/482/1-4689fd541361.jpg","https://shopsoso.co/wp-content/uploads/2023/02/WhatsApp-Image-2023-02-08-at-11.08.55-AM.jpeg"
"132","The Eclipse","soso-03","men","Men's Ready-to-Wear","250000","1","S | M | L | XL | XXL","As photographed","To be confirmed","To be confirmed","No","Yes","Yes","Yes","Yes","No","/api/storage/objects/uploads/legacy-catalogue/476/1-a183d9d644d3.jpg","https://shopsoso.co/wp-content/uploads/2023/02/WhatsApp-Image-2023-02-08-at-11.10.43-AM.jpeg"
"133","The Sapphire","soso-12","men","Men's Ready-to-Wear","250000","2","S | M | L | XL | XXL","Blue","To be confirmed","To be confirmed","No","Yes","No","Yes","Yes","No","/api/storage/objects/uploads/legacy-catalogue/444/1-d61933e72ed1.jpg","https://shopsoso.co/wp-content/uploads/2023/02/IMG_298511-1.jpg"
"134","The Valence","soso-11","men","Men's Ready-to-Wear","250000","2","S | M | L | XL | XXL","As photographed","To be confirmed","To be confirmed","No","Yes","Yes","Yes","Yes","No","/api/storage/objects/uploads/legacy-catalogue/435/1-04ef68ae41a6.jpg","https://shopsoso.co/wp-content/uploads/2023/02/IMG_2965.jpg"
"135","The Gallery","soso-10","men","Men's Ready-to-Wear","250000","3","S | M | L | XL | XXL","As photographed","To be confirmed","To be confirmed","No","Yes","Yes","Yes","Yes","No","/api/storage/objects/uploads/legacy-catalogue/426/1-093d82527542.jpg","https://shopsoso.co/wp-content/uploads/2023/02/IMG_3793.jpg"
"136","The Royal","soso-09","men","Men's Ready-to-Wear","250000","3","S | M | L | XL | XXL","As photographed","To be confirmed","To be confirmed","No","Yes","Yes","Yes","Yes","No","/api/storage/objects/uploads/legacy-catalogue/417/1-558d356eb348.jpg","https://shopsoso.co/wp-content/uploads/2023/02/IMG_2962.jpg"
"137","Canvas","canvas","women","Women's Ready-to-Wear","130000","3","S | M | L | XL | XXL","Ivory with botanical embroidery","Premium linen","Relaxed longline","Yes","No","No","No","No","No","/api/storage/objects/uploads/legacy-catalogue/3239/1-8a94b295a89c.jpg","https://shopsoso.co/wp-content/uploads/2026/03/WhatsApp-Image-2026-03-02-at-10.15.08-PM10.jpeg"
"138","Varen","varen","women","Women's Ready-to-Wear","130000","5","S | M | L | XL | XXL","Black with red trim","Dubai silk","Relaxed two-piece","Yes","No","No","No","No","No","/api/storage/objects/uploads/legacy-catalogue/3233/1-ceb691c4f3c4.jpg","https://shopsoso.co/wp-content/uploads/2026/03/WhatsApp-Image-2026-03-02-at-8.47.14-PM11.jpeg"
"139","Viren","viren","women","Women's Ready-to-Wear","150000","5","S | M | L | XL | XXL","Ivory","Dubai silk","Sleeveless two-piece","Yes","No","No","No","No","No","/api/storage/objects/uploads/legacy-catalogue/3194/1-bc8f6a625447.jpg","https://shopsoso.co/wp-content/uploads/2026/03/WhatsApp-Image-2026-03-02-at-9.09.04-PM14.jpeg"
"140","Sovan","sovan","women","Women's Ready-to-Wear","100000","4","S | M | L | XL | XXL","Black","Atelier-selected fabric","Relaxed longline shirt","Yes","No","No","No","No","No","/api/storage/objects/uploads/legacy-catalogue/1579/1-fee27c9d2b36.jpg","https://shopsoso.co/wp-content/uploads/2024/07/IMG_8394-scaled.jpg"
"141","Aurel","aurel","women","Women's Ready-to-Wear","125000","2","S | M | L | XL | XXL","Black","Atelier-selected fabric","Relaxed two-piece","Yes","No","No","No","No","No","/api/storage/objects/uploads/legacy-catalogue/1429/1-c74f274a714f.jpg","https://shopsoso.co/wp-content/uploads/2024/04/WhatsApp-Image-2024-04-27-at-1.23.31-PM-2.jpeg"
"142","Soven","soven","women","Women's Ready-to-Wear","100000","4","S | M | L | XL | XXL","Ivory","Atelier-selected fabric","Relaxed longline shirt","Yes","No","No","No","No","No","/api/storage/objects/uploads/legacy-catalogue/1475/1-ded85e493e2c.jpg","https://shopsoso.co/wp-content/uploads/2024/07/WhatsApp-Image-2024-07-07-at-9.59.17-AM-1.jpeg"
"143","Vault","vault","men","Kaftans","250000","3","S | M | L | XL | XXL | Custom","As shown","Atelier-selected fabric","Regular","No","No","No","No","No","No","/api/storage/objects/uploads/legacy-catalogue/2579/1-c76c2f1f6110.jpg","https://shopsoso.co/wp-content/uploads/2025/05/SOSO_S.O.STUDIOS10054-scaled.jpg"
